{
  "point": {
    "\u0421\u0442\u043e\u043b\u0431\u044b": [
      {
        "image": [
          640,
          414
        ],
        "gps": [
          54.733756,
          55.947569
        ]
      }
    ]
  },
  "line": {
    "\u041f\u0435\u0448\u0435\u0445\u043e\u0434\u043d\u044b\u0439 \u043f\u0435\u0440\u0435\u0445\u043e\u0434": [
      {
        "image": [
          [
            654,
            627
          ],
          [
            759,
            601
          ]
        ],
        "gps": [
          null,
          null
        ]
      }
    ]
  },
  "curve": {
    "\u0414\u0438\u0441\u0442\u043e\u0440\u0441\u0438\u044f": [
      {
        "image": [
          [
            237,
            577
          ],
          [
            514,
            513
          ],
          [
            636,
            484
          ],
          [
            1120,
            379
          ],
          [
            1465,
            306
          ],
          [
            1786,
            238
          ]
        ],
        "gps": [
          null,
          null,
          null,
          null,
          null,
          null
        ]
      }
    ]
  }
}