{
  "point": {},
  "line": {
    "all": [
      {
        "image": [
          [
            1222,
            987
          ],
          [
            585,
            753
          ]
        ],
        "gps": [
          [
            54.725399,
            55.940917
          ],
          [
            54.72522,
            55.940825
          ]
        ]
      },
      {
        "image": [
          [
            1219,
            991
          ],
          [
            1345,
            442
          ]
        ],
        "gps": [
          [
            54.725399,
            55.940917
          ],
          [
            54.725467,
            55.940537
          ]
        ]
      },
      {
        "image": [
          [
            889,
            346
          ],
          [
            1348,
            438
          ]
        ],
        "gps": [
          [
            54.725276,
            55.940452
          ],
          [
            54.725467,
            55.940537
          ]
        ]
      }
    ]
  },
  "curve": {}
}